window_start,window_end,flow_count,total_packets,total_bytes,avg_packet_rate,avg_byte_rate,unique_sources,unique_destinations,avg_packet_size,avg_flow_duration,syn_flag_count,ack_flag_count,privileged_port_ratio,label,window_id,rolling_5_flow_count,rolling_5_total_packets,rolling_5_total_bytes,rolling_5_avg_byte_rate,rolling_5_unique_sources,label_encoded
2026-09-30 08:00:00,2026-09-30 08:01:00,-0.041529204506391686,-0.43845232968510595,-0.4475976278970945,-0.805329699099918,-0.6044949518049024,0.010103071952450488,0.22212125816275494,-0.5533134329906771,-0.46943898275905244,-0.9763542696065566,-0.3906946616438634,-1.5076592806300617,BENIGN,0,-0.09071326974435537,-0.47224545434962306,-0.48420804563944525,-0.6658746958199573,0.013163371793281907,0
2026-09-30 08:01:00,2026-09-30 08:02:00,0.9413286354782026,-0.40351591748444177,-0.42345861851366207,-0.7492951452763686,-0.5519400389808865,0.8708848023012278,1.0172780310815253,-0.3890238825894252,-0.3492803522071551,-0.5744925122612492,1.4793719210559764,0.722861278373274,BENIGN,1,0.8826835290237681,-0.4534271194715199,-0.4711509003938862,-0.6368595817030698,0.8337872328573253,0
2026-09-30 08:02:00,2026-09-30 08:03:00,-0.5329581244986887,-0.4364270304270964,-0.4391428232501822,-0.8112759588396237,-0.6051304547619533,-0.5637514149467344,-0.5730355147560153,-0.5466735786180392,-0.4053727205596091,-0.9763542696065566,-0.5984798374994011,-1.5076592806300617,BENIGN,2,0.2337523298450197,-0.458972619121589,-0.4724543966767267,-0.6467651902098804,0.19552422980751313,0
2026-09-30 08:03:00,2026-09-30 08:04:00,0.4498997154859054,-0.38427557453335137,-0.4105239401456981,-0.8165963087249174,-0.6055173616118417,0.5839575588516354,-0.04293099947683513,-0.5591749499110941,-0.1217108233224392,-0.9763542696065566,1.2715867452004386,0.3413248669648087,BENIGN,3,0.3959851296397064,-0.44769980016079286,-0.4653659573994081,-0.6518247984307827,0.4234753023253036,0
2026-09-30 08:04:00,2026-09-30 08:05:00,0.695614175482054,-0.43440173116908687,-0.4396017414610615,-0.4238690688501012,0.02290426486148727,0.8708848023012278,0.7522257734419351,0.45836302858815015,-0.3297838438660208,0.4301618811020191,0.23266086592274984,0.24887565958506516,BENIGN,4,0.5906644893933304,-0.4517361966274005,-0.4674043380122763,-0.5160820992703422,0.6696624606445162,0
2026-09-30 08:05:00,2026-09-30 08:06:00,0.9413286354782026,-0.398452669339418,-0.3976587411982819,1.5326901612573574,-0.31797513248881576,0.8708848023012278,1.0172780310815253,-0.11669995524632762,0.022901461354321802,-0.7754233909339029,0.8560163934893631,-0.9500291408792277,BENIGN,5,0.9800232089005801,-0.4431179447122113,-0.4565992666579324,-0.4528080507942706,0.9979120050701343,0
2026-09-30 08:06:00,2026-09-30 08:07:00,-0.7786725844948373,-0.4516167748621678,-0.4378036848643379,-0.04212383996109088,0.7427062402984045,-0.8506786583963268,-0.5730355147560153,-0.14137741423937383,-0.09998907534274136,-0.7754233909339029,-0.5984798374994011,1.001676348248691,BENIGN,6,0.29864544976289437,-0.45348166536971735,-0.45970304961642466,-0.1669028326839914,0.3414129162189,0
2026-09-30 08:07:00,2026-09-30 08:08:00,0.4498997154859054,-0.40452856711344654,-0.42849565523133576,-0.48579236472332454,-0.14350303253633362,0.5839575588516354,0.22212125816275494,-0.18142123998958312,-0.2562236003323672,-0.1726307549159419,0.4404460417782876,-0.27500318223348147,BENIGN,7,0.6880041692701442,-0.44660888219684486,-0.45739936569853584,-0.06495862525879881,0.7790789754530549,0
2026-09-30 08:08:00,2026-09-30 08:09:00,0.4498997154859054,-0.398452669339418,-0.41923674799120497,-0.7995728374395772,-0.6038902059921123,0.8708848023012278,-0.04293099947683513,-0.5535153716923163,-0.1955454375067657,-0.37356163358859557,0.8560163934893631,-0.8913312314317716,BENIGN,8,0.6880041692701442,-0.4496634524958993,-0.45928452006801895,-0.06459928982501761,0.8884954902615956,0
2026-09-30 08:09:00,2026-09-30 08:10:00,0.695614175482054,-0.40604754155695366,-0.41231093314042366,-0.5085682286231925,0.0834426814496083,0.8708848023012278,0.7522257734419351,0.21731489586107,-0.32387660814716757,-0.1726307549159419,0.6482312176338254,0.24887565958506516,BENIGN,9,0.6880041692701442,-0.44355431189779043,-0.4533797202073279,-0.05123019474808842,0.8884954902615956,0
2026-09-30 08:10:00,2026-09-30 08:11:00,-0.7786725844948373,-0.4683254937407463,-0.45698133256776335,-0.6396601479843496,-0.4725029720371951,-0.8506786583963268,-0.5730355147560153,-0.3415943013598206,-0.1256726022544195,-0.9763542696065566,-0.8062650133549389,1.001676348248691,BENIGN,10,0.006626410132456634,-0.45860897980027293,-0.4662151051156398,-0.0853555897515668,0.23199640141035938,0
2026-09-30 08:11:00,2026-09-30 08:12:00,1.1870430954743512,-0.35136446159069673,-0.398044639635974,-0.6915825722637312,-0.5962480150725826,0.8708848023012278,1.2823302887211152,-0.5725167019508877,-0.16526103236999942,-0.1726307549159419,1.2715867452004386,-0.9753759654133566,BENIGN,11,0.7853438491469561,-0.4370088041141024,-0.45761260415753824,-0.381045628450504,0.8884954902615956,0
2026-09-30 08:12:00,2026-09-30 08:13:00,0.4498997154859054,-0.4106044648874751,-0.4157857892559722,-0.6304076883699203,-0.3826025939931054,0.5839575588516354,0.7522257734419351,-0.34332050106395684,-0.28172590952400395,-0.7754233909339029,0.23266086592274984,-0.27500318223348147,BENIGN,12,0.7853438491469561,-0.43831790567084,-0.4548626227733674,-0.43384755076895015,0.8884954902615956,0
2026-09-30 08:13:00,2026-09-30 08:14:00,-2.2529593444717286,-0.5128820774169557,-0.4913400123888375,-0.7785452880830483,-0.6008184610022433,-2.285314875644289,-2.1633490605935557,-0.5328822794158586,-0.41737868543533224,-0.9763542696065566,-1.2218353650660145,1.4198989530618165,BENIGN,13,-0.2853926294979794,-0.462972651656065,-0.47046330929640257,-0.4331691972021392,-0.31508617263233524,0
2026-09-30 08:14:00,2026-09-30 08:15:00,-1.024387044490986,-0.4647812200392296,-0.4461690956071059,0.13188932761857067,0.5588492989712897,-1.1376059018459193,-0.8380877723956054,-0.23590817976441827,0.1396492960959579,-0.37356163358859557,-0.8062650133549389,0.2939150170264789,BENIGN,14,-0.9667703886356669,-0.4756273000378619,-0.4777890605408365,-0.3281820398225408,-1.0810017762921094,0
2026-09-30 08:15:00,2026-09-30 08:16:00,-0.5329581244986887,-0.43085745746757026,-0.43591756199570975,-0.6306185003507442,-0.26763539223039595,-0.8506786583963268,-0.3079832571164252,-0.0430034856089638,-0.40604108829040697,-0.9763542696065566,-0.8062650133549389,0.05370511067227334,BENIGN,15,-0.869430708758854,-0.46755450710464663,-0.4732315792057954,-0.2829397902399024,-1.0810017762921094,0
2026-09-30 08:16:00,2026-09-30 08:17:00,1.1870430954743512,-0.40452856711344654,-0.4286828513771428,-0.7211313777174142,-0.5188675823416301,1.4447392892004127,1.2823302887211152,-0.3341549951519081,-0.19452508865903012,-0.1726307549159419,0.4404460417782876,0.08919066502005359,BENIGN,16,-0.869430708758854,-0.4790091457261007,-0.4798606429658551,-0.26585136241873214,-0.8621687466750309,0
2026-09-30 08:17:00,2026-09-30 08:18:00,-0.041529204506391686,-0.4106044648874751,-0.42189997826417636,-0.8143481192230471,-0.6053776754944303,0.010103071952450488,-0.5730355147560153,-0.5405024229386919,-0.14342627139870007,-0.5744925122612492,0.23266086592274984,-0.8188220491731492,BENIGN,17,-1.064110068512479,-0.4790091457261007,-0.48118354487406206,-0.3150482428991891,-1.0810017762921094,0
2026-09-30 08:18:00,2026-09-30 08:19:00,1.1870430954743512,-0.3716174541707919,-0.39202338488455346,-0.09959972338583728,0.1784798231421662,1.1578120457508203,1.2823302887211152,-0.39625041027612595,-0.17693047066993775,-0.7754233909339029,0.4404460417782876,0.08919066502005359,BENIGN,18,0.29864544976289437,-0.4485725345319513,-0.45969481499250264,-0.14295069821284734,0.23199640141035938,0
2026-09-30 08:19:00,2026-09-30 08:20:00,1.4327575554704997,-0.3483265127036825,-0.38977304823814946,-0.760556453753476,-0.6012021841536263,1.1578120457508203,1.2823302887211152,-0.5613490612594187,-0.12758343649689755,-0.5744925122612492,1.2715867452004386,0.019762406513526905,BENIGN,19,1.2720422485310179,-0.42348142136114714,-0.4474926343632132,-0.3991324658587672,1.107328519878673,0
2026-09-30 08:20:00,2026-09-30 08:21:00,0.20418525548975686,-0.39946531896842274,-0.4156919699110287,-0.7633538961159162,-0.6021090099381068,0.29703031540204294,0.22212125816275494,-0.5289185966073358,-0.46457228233951187,-0.37356163358859557,1.063801569344901,-0.20652228787811588,BENIGN,20,1.564061288161454,-0.4167177299846695,-0.4431165062573372,-0.4729964657430381,1.54499457911283,0
2026-09-30 08:21:00,2026-09-30 08:22:00,-0.7786725844948373,-0.446553526717144,-0.4573800647837732,-0.812777315982334,-0.6057788926865011,-0.8506786583963268,-0.5730355147560153,-0.5844459480363494,-0.034871467455840216,-0.1726307549159419,0.23266086592274984,-0.6712140710038108,BENIGN,21,0.7853438491469561,-0.42577234908543793,-0.44932560419737694,-0.49218965969732276,0.6696624606445162,0
2026-09-30 08:22:00,2026-09-30 08:23:00,-1.024387044490986,-0.4440219026446321,-0.4552801931245427,-0.7501389546987413,-0.6005957939669746,-0.8506786583963268,-1.1031400300351955,-0.583340658286221,0.05560497011273601,-1.1772851482792102,-0.5984798374994011,1.1947021658547492,BENIGN,22,0.3959851296397064,-0.4329724076474948,-0.45654794388558156,-0.49113364547709437,0.3414129162189,0
2026-09-30 08:23:00,2026-09-30 08:24:00,-0.28724366450254024,-0.42781950858055595,-0.4365335833549614,-0.6453679231413175,-0.5716027076291177,-0.27682417149714195,-0.04293099947683513,-0.5235228002109933,-0.3277928200713815,-1.1772851482792102,0.024875690067212096,-0.04388016378412258,BENIGN,23,-0.18805294962116736,-0.4450815970473177,-0.4661784323137548,-0.6567792839755547,-0.2056696578237965,0
2026-09-30 08:24:00,2026-09-30 08:25:00,0.695614175482054,-0.3883261730493704,-0.4109350635959457,-0.6784647016429802,-0.4017943886685592,0.29703031540204294,0.487173515802345,-0.14951191058750404,-0.19685587535836263,-0.5744925122612492,0.024875690067212096,1.4198989530618165,BENIGN,24,-0.4800719892516051,-0.4536998489625069,-0.47075717046868737,-0.6127427543276377,-0.5339192022494137,0
2026-09-30 08:25:00,2026-09-30 08:26:00,-1.2701015044871344,-0.48148993891780817,-0.4757182063675864,-0.7912029450517966,-0.6036668235142784,-1.1376059018459193,-1.1031400300351955,-0.5639863770651674,-0.07752536991535217,-0.7754233909339029,-0.5984798374994011,-1.5076592806300617,BENIGN,25,-1.064110068512479,-0.47137271997846464,-0.4837448001681145,-0.6130867765037323,-1.0810017762921094,0
2026-09-30 08:26:00,2026-09-30 08:27:00,0.20418525548975686,-0.4151613882179965,-0.429574135154106,-0.7023811895591097,-0.4980169699286476,0.010103071952450488,-0.04293099947683513,-0.38615942183484553,-0.31145191976260783,-0.37356163358859557,0.4404460417782876,-1.5076592806300617,BENIGN,26,-0.6747513490052292,-0.464609028601987,-0.47772854563015416,-0.5892890052335608,-0.7527522318664921,0
2026-09-30 08:27:00,2026-09-30 08:28:00,-1.515815964483283,-0.47946463965979863,-0.46850252514445606,-0.6613798039485145,-0.3813452313265342,-1.7114603887451043,-1.3681922876747856,-0.07896597201672517,-0.4528893776151063,-0.9763542696065566,-0.8062650133549389,1.6860406106701689,BENIGN,27,-0.869430708758854,-0.47224545434962306,-0.48058940718294857,-0.5408704673396333,-1.0810017762921094,0
2026-09-30 08:28:00,2026-09-30 08:29:00,-0.28724366450254024,-0.4288321582095607,-0.42399453939444776,-0.7938520963075543,-0.6041183902153203,0.010103071952450488,-0.3079832571164252,-0.5151223432251537,0.008559988105506067,-0.9763542696065566,-0.3906946616438634,0.688009394638847,BENIGN,28,-0.869430708758854,-0.47246363794241264,-0.47787638585498565,-0.5480511185110004,-0.9715852614835705,0
2026-09-30 08:29:00,2026-09-30 08:30:00,-1.7615304244794316,-0.5073125044574295,-0.46682926597827046,-0.18535838566920354,0.09547043274575093,-1.7114603887451043,-1.6332445453143756,0.2941316310227973,-0.14741031546999453,-0.7754233909339029,-0.8062650133549389,-1.5076592806300617,BENIGN,29,-1.8428275075269775,-0.4981002100951908,-0.4899699843502343,-0.43823687078908863,-1.7375008651433437,0
2026-09-30 08:30:00,2026-09-30 08:31:00,-0.7786725844948373,-0.46022429670870824,-0.4636340977212327,-0.8190974383216343,-0.6055075423606272,-0.5637514149467344,-0.8380877723956054,-0.5548031913148438,-0.19743087200385467,-1.1772851482792102,0.024875690067212096,-0.6712140710038108,BENIGN,30,-1.6481481477733526,-0.4935183546466092,-0.4873553955035711,-0.4386433687890968,-1.5186678355262662,0
2026-09-30 08:31:00,2026-09-30 08:32:00,-2.00724488447558,-0.4997176322398938,-0.49151614493264656,-0.6457814932615956,-0.5947625950294295,-1.9983876321946967,-1.8982968029539657,-0.5908515095744568,-0.09637120976763383,-0.9763542696065566,-1.2218353650660145,-1.5076592806300617,BENIGN,31,-2.5242052666646644,-0.5117366846445409,-0.5007575331908839,-0.46000833888815146,-2.284583439186039,0
2026-09-30 08:32:00,2026-09-30 08:33:00,-2.00724488447558,-0.5027555811269081,-0.46936415846806445,-0.5457739509424184,-0.3387868838544724,-1.9983876321946967,-2.1633490605935557,-0.14486379822200512,-0.33935802919332164,-0.7754233909339029,-1.0140501892104767,-1.5076592806300617,BENIGN,32,-2.718884626418289,-0.5167549072787018,-0.5009439612464194,-0.45060990024807257,-2.393999953994579,0
2026-09-30 08:33:00,2026-09-30 08:34:00,0.20418525548975686,-0.4095918152584703,-0.397038294398231,-0.6672119895481607,-0.5217308294455221,0.29703031540204294,0.487173515802345,-0.4070623600308373,0.07765340575988294,-0.37356163358859557,0.6482312176338254,-0.8570907842540888,BENIGN,33,-2.5242052666646644,-0.5126094190156993,-0.49511154947508884,-0.4324157155441426,-2.284583439186039,0
2026-09-30 08:34:00,2026-09-30 08:35:00,0.20418525548975686,-0.4242752348790393,-0.4280783361639692,-0.4477677820030553,0.01570867705298557,0.010103071952450488,0.22212125816275494,-0.23611726841004477,-0.3448097803053707,-0.1726307549159419,0.024875690067212096,-0.20652228787811588,BENIGN,34,-1.7454878276501655,-0.49471836440695205,-0.4867271702994783,-0.4500300265132312,-1.6280843503348048,0
2026-09-30 08:35:00,2026-09-30 08:36:00,1.1870430954743512,-0.383769249718849,-0.4157481730091788,-0.7405277459914408,-0.5304796819321145,0.5839575588516354,1.5473825463607054,-0.3639029065105677,-0.37513691238117103,-0.1726307549159419,1.6871570969115142,0.6214739802367589,BENIGN,35,-0.9667703886356669,-0.47824550315133707,-0.47636628987971547,-0.4334611326435459,-1.190418291100648,0
2026-09-30 08:36:00,2026-09-30 08:37:00,2.169900935458945,-0.3306051441960992,-0.38236043489945376,-0.8076027925019529,-0.6047724635099208,2.30552101954919,1.8124348040002953,-0.5642148789234969,-0.14422174405678717,0.028300123756711745,2.1027274486225895,-0.6068721318017914,BENIGN,36,0.6880041692701442,-0.4418088431554737,-0.4527487182114475,-0.4356716774672356,0.4508294310274388,0
2026-09-30 08:37:00,2026-09-30 08:38:00,1.6784720154666481,-0.3382000164136349,-0.3971688449018081,-0.80396758285614,-0.6051679612718004,2.30552101954919,1.8124348040002953,-0.5987307712003855,-0.04682742914807256,-0.5744925122612492,1.6871570969115142,-1.0197329083480822,BENIGN,37,2.148099367422329,-0.4063540093271634,-0.4371281153886941,-0.4944983556560064,2.0920771531555253,0
2026-09-30 08:38:00,2026-09-30 08:39:00,1.4327575554704997,-0.3599719834372372,-0.36882478167095556,-0.7292890396224162,-0.531789598840221,1.4447392892004127,1.2823302887211152,-0.40450408580639263,-0.2852664079014684,-0.1726307549159419,0.8560163934893631,0.019762406513526905,BENIGN,38,2.634797766806391,-0.39566301328047293,-0.43102367377361606,-0.4967196995888939,2.5297432123896826,0
2026-09-30 08:39:00,2026-09-30 08:40:00,-1.024387044490986,-0.4637685704102249,-0.4667212852227695,-0.6108646783162481,-0.4143713569662357,-0.8506786583963268,-1.3681922876747856,-0.39062464314779316,0.10546895947026969,-1.1772851482792102,-0.5984798374994011,1.1947021658547492,BENIGN,39,2.148099367422329,-0.4041721733992674,-0.43938468959763405,-0.5916970906331819,2.201493667964064,0
2026-09-30 08:40:00,2026-09-30 08:41:00,1.4327575554704997,-0.37364275342880143,-0.3858583033071583,-0.7152301775254521,-0.43598753337435014,0.5839575588516354,1.5473825463607054,-0.3227611310527267,-0.04011609308756485,0.4301618811020191,0.8560163934893631,-0.4893781558676693,BENIGN,40,2.2454390472991412,-0.4019903374713714,-0.4329175415242259,-0.570829770519957,2.201493667964064,0
2026-09-30 08:41:00,2026-09-30 08:42:00,-1.024387044490986,-0.4890848111353438,-0.4698925560994915,-0.2113744784661231,-0.3565335686346345,-0.8506786583963268,-1.3681922876747856,-0.07372420516996966,-0.38234932571297925,-0.7754233909339029,-1.0140501892104767,-0.6068721318017914,BENIGN,41,0.9800232089005801,-0.436136069742944,-0.45185650628464724,-0.51600954933778,0.9979120050701343,0
2026-09-30 08:42:00,2026-09-30 08:43:00,0.9413286354782026,-0.5088314789009366,-0.38425540864968033,1.3389187707533987,2.4911741194332957,0.8708848023012278,1.2823302887211152,2.554690386150209,-0.5917906799647221,2.0376089104832484,-1.8451908926326277,0.16523113862244004,SCANNING,42,0.6880041692701442,-0.4729000051279919,-0.44906247923763803,0.16777595415962065,0.4508294310274388,4
2026-09-30 08:43:00,2026-09-30 08:44:00,-0.28724366450254024,-0.501236606683401,-0.4315235418261629,0.9343934729023616,1.3282031411535822,-0.27682417149714195,-0.3079832571164252,1.393030123662294,-0.5314102850300325,1.03295451711998,-1.2218353650660145,-1.5076592806300617,SCANNING,43,0.006626410132456634,-0.5033366163221412,-0.46262835188898044,0.5785303343502459,-0.2056696578237965,4
2026-09-30 08:44:00,2026-09-30 08:45:00,0.4498997154859054,-0.5316160955535436,-0.42158223161479225,2.0568153728034013,3.015415497574361,0.5839575588516354,0.22212125816275494,2.487179391688838,-0.7550729300401244,2.0376089104832484,-2.260761244343703,-0.8913312314317716,SCANNING,44,0.5906644893933304,-0.5179549170390445,-0.4528618006632131,1.3359526314004322,0.3414129162189,4
2026-09-30 08:45:00,2026-09-30 08:46:00,0.4498997154859054,-0.4870595118773343,-0.3929744121123061,0.887617556702993,1.5018332810763002,0.29703031540204294,0.7522257734419351,1.9797934903037577,-0.5130635793361141,1.2338853957926337,-0.8062650133549389,0.3413248669648087,SCANNING,45,0.20130576988608237,-0.5423914794314799,-0.4544014838337377,1.7638942950667225,0.23199640141035938,4
2026-09-30 08:46:00,2026-09-30 08:47:00,-1.2701015044871344,-0.5275654970375246,-0.45711542342397976,1.7221775552033276,2.841592770290918,-1.1376059018459193,-1.1031400300351955,1.7151160895428734,-0.6033696569869228,0.2292310024293654,-1.4296205409215523,1.4198989530618165,SCANNING,46,0.10396609000926864,-0.5506824559574848,-0.45163694823054196,2.4701574830193027,0.12257988660182063,4
2026-09-30 08:47:00,2026-09-30 08:48:00,-1.024387044490986,-0.5741473799717435,-0.471770713174681,1.6558568347568448,2.149502292407585,-1.1376059018459193,-1.1031400300351955,3.0454683465106474,-0.9293794615392541,1.2338853957926337,-2.468546420199241,-1.5076592806300617,SCANNING,47,-0.6747513490052292,-0.5647552976924141,-0.4705722744362071,2.3947038554212656,-0.6433357170579524,4
2026-09-30 08:48:00,2026-09-30 08:49:00,1.4327575554704997,-0.47186976744226294,-0.3895358446113112,1.4422225560463358,1.8912992599046579,1.4447392892004127,1.8124348040002953,1.873635352962503,-0.6840837859818841,2.0376089104832484,-0.5984798374994011,0.5289029688947231,SCANNING,48,0.006626410132456634,-0.5584279735015156,-0.46148756922146617,2.5190560597455236,0.013163371793281907,4
2026-09-30 08:49:00,2026-09-30 08:50:00,-0.041529204506391686,-0.5098441285299413,-0.4450016643242713,1.2109034176749263,1.7080669523137686,0.010103071952450488,-0.5730355147560153,1.7789354158024089,-0.6728944559097257,0.6310927597746727,-1.0140501892104767,-0.8188220491731492,SCANNING,49,-0.18805294962116736,-0.5537370262565392,-0.4665547354767002,2.2303457170355734,-0.2056696578237965,4
2026-09-30 08:50:00,2026-09-30 08:51:00,1.6784720154666481,-0.47338874188577007,-0.42815799409835514,2.1078190816385964,1.428330757651927,1.4447392892004127,1.2823302887211152,0.8773344321013117,-0.7778205391441908,1.8366780318105949,-1.0140501892104767,0.44404620849785703,SCANNING,50,0.29864544976289437,-0.5507915477538796,-0.47416726228678835,2.2141136733278515,0.23199640141035938,4
2026-09-30 08:51:00,2026-09-30 08:52:00,1.1870430954743512,-0.5118694277879509,-0.3780748380294879,0.9978516874886497,1.715005297399725,1.4447392892004127,0.7522257734419351,3.526933399178729,-0.7555724868232881,2.0376089104832484,-1.63740571677709,-0.4430926501966514,SCANNING,51,1.2720422485310179,-0.5474097020656408,-0.45706557617537363,1.9653219822594832,1.2167450346872117,4
2026-09-30 08:52:00,2026-09-30 08:53:00,-0.041529204506391686,-0.5331350699970508,-0.442179118182528,2.5584705721674648,3.5644448079418742,0.29703031540204294,0.22212125816275494,2.174522690330522,-0.6192507839526681,1.2338853957926337,-1.8451908926326277,0.558852413740676,SCANNING,52,1.6614009680382678,-0.5385732665576619,-0.4506629645731678,2.2777930061923986,1.7638276087299074,4
2026-09-30 08:53:00,2026-09-30 08:54:00,0.695614175482054,-0.48857848632084144,-0.40614186866630914,1.0297383862991634,1.6447502231073956,0.5839575588516354,1.0172780310815253,2.2546474571517616,-0.5523622878477376,1.4348162744652873,-0.8062650133549389,-0.33663598715331033,SCANNING,53,1.36938192840783,-0.5421732958386903,-0.4542559416434891,2.223345967438585,1.4355780643042912,4
2026-09-30 08:54:00,2026-09-30 08:55:00,1.1870430954743512,-0.5169326759329747,-0.39266463125636064,1.0147809372828862,1.9603213680784977,1.4447392892004127,1.5473825463607054,2.9861424886760664,-0.7898988359036418,1.8366780318105949,-1.4296205409215523,0.6214739802367589,SCANNING,54,1.8560803277918916,-0.5437005809882175,-0.4429319932306207,2.279052962401444,1.9826606383469867,4
2026-09-30 08:55:00,2026-09-30 08:56:00,1.1870430954743512,-0.5179453255619795,-0.38866668803834414,2.012851748795215,2.7791808496271733,0.8708848023012278,1.5473825463607054,2.9267819943982123,-0.6651884210548709,2.0376089104832484,-1.4296205409215523,0.08919066502005359,SCANNING,55,1.6614009680382678,-0.55330065907096,-0.43438742189429574,2.5773700366184054,1.7638276087299074,4
2026-09-30 08:56:00,2026-09-30 08:57:00,-0.28724366450254024,-0.5103504533444437,-0.41939739149221666,0.7721159062127653,1.8903955390438396,-0.5637514149467344,-0.04293099947683513,2.456476475107685,-0.7767443523398615,0.8320236384473264,-1.63740571677709,-1.5076592806300617,SCANNING,56,1.077362888777392,-0.5529733836817756,-0.4433282126932843,2.616102612530639,0.9979120050701343,4
2026-09-30 08:57:00,2026-09-30 08:58:00,-1.2701015044871344,-0.5311097707390413,-0.469861135469817,1.0059164332462969,1.9392480411453166,-1.1376059018459193,-1.3681922876747856,1.859034909426619,-0.7367137174534729,0.4301618811020191,-1.63740571677709,-1.5076592806300617,SCANNING,57,0.5906644893933304,-0.5525370164961965,-0.44931765682777786,2.2571997650735285,0.4508294310274388,4
2026-09-30 08:58:00,2026-09-30 08:59:00,-1.515815964483283,-0.5478184896176198,-0.4621033377487821,1.3628979272918127,2.2080755884685663,-1.7114603887451043,-1.3681922876747856,2.375045006327082,-0.6711060857205275,0.2292310024293654,-1.8451908926326277,1.6860406106701689,SCANNING,58,-0.2853926294979794,-0.5653007566743881,-0.4614258095420515,2.3816025954283155,-0.42450268744087494,4
2026-09-30 08:59:00,2026-09-30 09:00:00,1.1870430954743512,-0.48655318706283196,-0.4069574774056056,0.5881079459785775,1.3279099137196801,0.8708848023012278,1.0172780310815253,2.1177227086078187,-0.46427423055850764,1.4348162744652873,-0.8062650133549389,-0.4430926501966514,SCANNING,59,-0.2853926294979794,-0.5587552488906999,-0.4645182938305112,2.2419430315090105,-0.6433357170579524,4
2026-09-30 09:00:00,2026-09-30 09:01:00,-2.00724488447558,-0.5371856685130698,-0.4870336159471153,1.562568953281077,0.8373508134914555,-1.9983876321946967,-2.1633490605935557,0.47434278935060986,-0.6822038752635745,-0.37356163358859557,-2.468546420199241,1.09461470487383,SCANNING,60,-1.5508084678965406,-0.5629007371537025,-0.48580154111978546,1.8131159851566017,-1.7375008651433437,4
2026-09-30 09:01:00,2026-09-30 09:02:00,-0.041529204506391686,-0.48857848632084144,-0.4196810622474468,1.2890552851929866,1.9340378085561607,-0.27682417149714195,-0.04293099947683513,1.5702518896146862,-0.4231982248982003,0.4301618811020191,-1.4296205409215523,-0.8188220491731492,SCANNING,61,-1.4534687880197286,-0.558209789908726,-0.4858629177934363,1.8227537934007918,-1.6280843503348048,4
2026-09-30 09:02:00,2026-09-30 09:03:00,-0.7786725844948373,-0.5194643000054866,-0.4646475236642544,1.640163982583566,2.5179655541266257,-0.5637514149467344,-0.8380877723956054,1.6769823839050466,-0.6631698844103688,0.8320236384473264,-1.63740571677709,0.16523113862244004,SCANNING,62,-1.2587894282661038,-0.5557006785916456,-0.48473487006756877,1.950555772536952,-1.4092513207177264,4
2026-09-30 09:03:00,2026-09-30 09:04:00,-0.7786725844948373,-0.5230085737070033,-0.45136766091395114,2.560419058098492,2.9137185406064403,-0.8506786583963268,-0.8380877723956054,2.443281694098645,-0.6480941598291116,0.4301618811020191,-1.2218353650660145,1.001676348248691,SCANNING,63,-0.9667703886356669,-0.5503551805683005,-0.48241203586148934,2.1063875277954383,-1.0810017762921094,4
2026-09-30 09:04:00,2026-09-30 09:05:00,-0.5329581244986887,-0.5083251540864342,-0.44672271825108845,1.6026426088100596,2.226346922852734,-0.27682417149714195,-0.3079832571164252,1.2984617335866004,-0.4784177501632957,0.8320236384473264,-1.63740571677709,-0.7269770849788941,SCANNING,64,-1.6481481477733526,-0.5550461278132768,-0.49101587733976426,2.3047952575094777,-1.5186678355262662,4
2026-09-30 09:05:00,2026-09-30 09:06:00,-0.041529204506391686,-0.5199706248199889,-0.43757267685461854,0.879747184474972,1.410553459918929,0.29703031540204294,0.22212125816275494,2.228255062496325,-0.8418319468481157,1.2338853957926337,-1.4296205409215523,-0.12998481771623666,SCANNING,65,-0.869430708758854,-0.5513370067358536,-0.4803142175416496,2.431379352540799,-0.6433357170579524,4
2026-09-30 09:06:00,2026-09-30 09:07:00,-0.5329581244986887,2.0810199472787323,2.2031626379902325,0.44632963611151616,-0.4313600867653448,-0.5637514149467344,-0.3079832571164252,-0.4091462862458183,-0.750587359338694,1.4348162744652873,0.23266086592274984,-0.7269770849788941,DDOS,66,-1.064110068512479,0.002303859967760181,0.08717967761227166,1.9090130413689441,-0.7527522318664921,2
2026-09-30 09:07:00,2026-09-30 09:08:00,-0.28724366450254024,2.1357030272449893,2.1273393480567746,1.625196333137526,-0.299211081357143,-0.27682417149714195,-0.5730355147560153,-0.4330364476547614,-0.6273990938799093,1.03295451711998,0.4404460417782876,-0.04388016378412258,DDOS,67,-0.869430708758854,0.5743812402620954,0.6479972077943025,1.2868774717432787,-0.6433357170579524,2
2026-09-30 09:08:00,2026-09-30 09:09:00,-0.5329581244986887,2.018235670280437,2.186145933029067,1.3427517308129926,-0.2852651684866578,-0.27682417149714195,-0.3079832571164252,-0.4309441301439057,-0.7105515556819659,1.2338853957926337,0.23266086592274984,0.834387306323441,DDOS,68,-0.772091028882042,1.1219129663676,1.2186651674643754,0.5804249451206104,-0.42450268744087494,2
2026-09-30 09:09:00,2026-09-30 09:10:00,-0.28724366450254024,1.6830486430798621,1.706695447017752,1.2752028935544582,-0.3257700358740522,0.010103071952450488,-0.3079832571164252,-0.4525136239563051,-0.5095216081489119,0.8320236384473264,0.4404460417782876,-0.04388016378412258,DDOS,69,-0.6747513490052292,1.5940622611642978,1.684591391887464,0.016824240120387086,-0.31508617263233524,2
2026-09-30 09:10:00,2026-09-30 09:11:00,-1.024387044490986,2.297220643071248,2.2874256860718853,1.482592299073198,-0.3056014130329462,-0.8506786583963268,-0.8380877723956054,-0.425648079188337,-0.6060300775719671,0.8320236384473264,-0.18290948578832567,2.9962764635112897,DDOS,70,-1.064110068512479,2.201049016304969,2.2741880709137763,-0.36216548171735363,-0.7527522318664921,2
2026-09-30 09:11:00,2026-09-30 09:12:00,-0.28724366450254024,2.3564606463680264,2.5472428728500875,0.7797327597372113,-0.3819710061889207,0.010103071952450488,-0.5730355147560153,-0.38218759075086295,-0.7120060811312902,1.2338853957926337,-0.18290948578832567,-0.7757697222070922,DDOS,71,-0.9667703886356669,2.260394953543741,2.348635295011957,-0.3512585675428275,-0.5339192022494137,2
2026-09-30 09:12:00,2026-09-30 09:13:00,-0.5329581244986887,1.9686158384592038,1.9409535004600516,1.538801779957655,-0.2989769670988584,-0.8506786583963268,-0.5730355147560153,-0.42788926215152345,-0.5539435233873099,0.8320236384473264,0.4404460417782876,-1.5076592806300617,DDOS,72,-1.064110068512479,2.2243946607334566,2.308307756377213,-0.3512068665576636,-0.7527522318664921,2
2026-09-30 09:13:00,2026-09-30 09:14:00,-0.041529204506391686,2.7802545161065177,2.7161097279549336,2.044462793146845,-0.22453164711023502,0.010103071952450488,-0.5730355147560153,-0.42514122902837637,-0.6402091347146665,1.4348162744652873,0.4404460417782876,-0.12998481771623666,DDOS,73,-0.869430708758854,2.3885778143076317,2.4229738412246555,-0.3377946852123484,-0.6433357170579524,2
2026-09-30 09:14:00,2026-09-30 09:15:00,1.1870430954743512,3.430375577927572,3.5545873751254735,0.773950441575723,-0.39298116421020407,1.1578120457508203,1.5473825463607054,-0.42239344370696785,-0.7232734323575912,2.2385397891559022,1.063801569344901,-0.4430926501966514,DDOS,74,-0.2853926294979794,2.765053603666089,2.82279461133395,-0.3526373589325268,-0.2056696578237965,2
2026-09-30 09:15:00,2026-09-30 09:16:00,2.169900935458945,3.5711338763592337,3.721621655195362,0.9995214230194822,-0.35217030802488974,1.4447392892004127,2.3425393192794757,-0.4013522205571962,-0.6235777531167573,2.6404015465012094,1.894942272767052,1.1947021658547492,DDOS,75,0.9800232089005801,3.039528563395408,3.1331056896716256,-0.3629214730515108,0.6696624606445162,2
2026-09-30 09:16:00,2026-09-30 09:17:00,-0.041529204506391686,2.377726288577126,2.0816019748527426,0.18464780663569846,-0.4805614797519847,0.010103071952450488,0.22212125816275494,-0.44363770342165193,-0.7161861028433754,1.4348162744652873,-0.5984798374994011,-0.8188220491731492,DDOS,76,1.077362888777392,3.0441104188439896,3.032356885263823,-0.3846938531207102,0.6696624606445162,2
2026-09-30 09:17:00,2026-09-30 09:18:00,-1.2701015044871344,0.7149555977513135,0.7167544332293838,0.02888992572279898,-0.49871868291944427,-1.1376059018459193,-1.1031400300351955,-0.4814529924603076,-0.6682233148218287,-0.1726307549159419,-0.3906946616438634,2.3957516976257756,DDOS,77,0.7853438491469561,2.773999130970463,2.7674819721900574,-0.42880412458358164,0.5602459458359775,2
2026-09-30 09:18:00,2026-09-30 09:19:00,-0.7786725844948373,2.056716356182618,2.187258931390071,1.7495335264396101,-0.23578938185744927,-0.8506786583963268,-0.8380877723956054,-0.4044642118187229,-0.7984438645799253,1.03295451711998,0.23266086592274984,1.8381215578749417,DDOS,78,0.4933248095165184,2.6181069539222928,2.653056702216612,-0.4312902438887881,0.23199640141035938,2
2026-09-30 09:19:00,2026-09-30 09:20:00,-0.28724366450254024,2.5235478351538116,2.4001598075353288,1.4402687725799759,-0.313360387142883,-0.27682417149714195,-0.04293099947683513,-0.44602736953472505,-0.6679985837890898,1.2338853957926337,0.6482312176338254,-0.7757697222070922,DDOS,79,-0.09071326974435537,2.422723546579204,2.4032779613235,-0.4137070661530017,-0.31508617263233524,2
2026-09-30 09:20:00,2026-09-30 09:21:00,0.20418525548975686,1.7083648838049812,1.6884767923355177,2.2128087666998093,-0.17138917546964094,0.5839575588516354,0.487173515802345,-0.49428939567766733,-0.704567148905613,1.4348162744652873,0.6482312176338254,-0.20652228787811588,DDOS,80,-0.869430708758854,2.021374827642733,1.9633747762683014,-0.3737839844891787,-0.6433357170579524,2
2026-09-30 09:21:00,2026-09-30 09:22:00,-0.041529204506391686,2.3549416719245193,2.165364063035924,1.2702552009002293,-0.3546939419200411,0.010103071952450488,-0.04293099947683513,-0.4541960715756711,-0.5201631662765464,1.2338853957926337,0.23266086592274984,-0.8188220491731492,DDOS,81,-0.869430708758854,2.016465696804967,1.9814980345032442,-0.3459878316458873,-0.6433357170579524,2
2026-09-30 09:22:00,2026-09-30 09:23:00,0.695614175482054,1.343304692548766,1.1974228005486447,0.5708422510886947,-0.4159307836093065,0.29703031540204294,1.0172780310815253,-0.5143282254338435,-0.6346732706613301,1.03295451711998,1.2715867452004386,0.24887565958506516,DDOS,82,-0.09071326974435537,2.151848616130914,2.0854982705914886,-0.3277052375597766,-0.09625314301525682,2
2026-09-30 09:23:00,2026-09-30 09:24:00,-1.024387044490986,0.7660944040160538,0.7811056529790205,-0.03112271772160143,-0.4957234784544646,-0.8506786583963268,-0.8380877723956054,-0.45466944203110815,-0.6041732738160855,0.2292310024293654,0.23266086592274984,0.2939150170264789,DDOS,83,-0.18805294962116736,1.873773627120567,1.7812546738126827,-0.38510818674466046,-0.09625314301525682,2
2026-09-30 09:24:00,2026-09-30 09:25:00,-0.28724366450254024,2.37418201487561,2.6105709306869445,0.6270146136563475,-0.38140048988305597,-0.8506786583963268,-0.3079832571164252,-0.41692455048119265,-0.6163232072700404,1.03295451711998,0.23266086592274984,-0.04388016378412258,DDOS,84,-0.18805294962116736,1.841591547184101,1.8267804624253254,-0.40013392831246863,-0.31508617263233524,2
2026-09-30 09:25:00,2026-09-30 09:26:00,-0.28724366450254024,2.2000062786867915,2.099320997268745,1.4220842970527023,-0.3114227222962481,-0.27682417149714195,-0.3079832571164252,-0.4391728887749064,-0.7474723514942302,1.2338853957926337,0.6482312176338254,-0.04388016378412258,DDOS,85,-0.38273230937479313,1.9475196814834523,1.9156731319114426,-0.4310584537129546,-0.6433357170579524,2
2026-09-30 09:26:00,2026-09-30 09:27:00,-2.2529593444717286,0.9757128772200386,0.8286008112685032,0.8894180783655091,-0.4023155241146034,-2.285314875644289,-2.1633490605935557,-0.4858254435357105,-0.8411564785756076,0.028300123756711745,-1.0140501892104767,1.4198989530618165,DDOS,86,-1.2587894282661038,1.650353628104015,1.6264431695711887,-0.44157503964225747,-1.5186678355262662,2
2026-09-30 09:27:00,2026-09-30 09:28:00,1.4327575554704997,2.5939269843696424,2.359141281855506,1.5451034998824944,-0.3205899962836537,0.8708848023012278,1.5473825463607054,-0.46745055828034376,-0.6907330268215466,2.841332425173863,1.2715867452004386,-0.4893781558676693,DDOS,87,-0.9667703886356669,1.9198103651991727,1.8777994154540016,-0.42052030907112353,-1.2998348059091878,2
2026-09-30 09:28:00,2026-09-30 09:29:00,-0.041529204506391686,2.381270562278643,2.4311392207621174,1.5856231265355605,-0.2528219570386237,-0.27682417149714195,0.22212125816275494,-0.4449789429031529,-0.7307652029437944,1.6357471531379413,0.23266086592274984,-1.5076592806300617,DDOS,88,-0.5774116691284171,2.267813195698587,2.2348103865732867,-0.3668787750311272,-1.0810017762921094,2
2026-09-30 09:29:00,2026-09-30 09:30:00,1.1870430954743512,2.307853464175798,2.287200431135205,0.14977395835242652,-0.4808051168965541,1.1578120457508203,1.0172780310815253,-0.4554090158091415,-0.638756271799139,1.8366780318105949,1.063801569344901,1.1537572954534638,DDOS,89,0.006626410132456634,2.2535221703708683,2.1648440426573843,-0.38883094993969464,-0.31508617263233524,2
2026-09-30 09:30:00,2026-09-30 09:31:00,0.20418525548975686,-0.34123796530064915,-0.4440072677766863,-0.8357374327559521,-0.6071914329786458,0.29703031540204294,-0.04293099947683513,-0.6514437664852488,2.0749289221846725,-0.7754233909339029,-0.3906946616438634,-0.8570907842540888,BOTNET,90,0.20130576988608237,1.7059904442653633,1.6145545749110208,-0.45414749167874113,-0.09625314301525682,1
2026-09-30 09:31:00,2026-09-30 09:32:00,-0.041529204506391686,-0.37516172787230856,-0.4169700372138438,-0.833151678047368,-0.6069403708895588,0.29703031540204294,-0.04293099947683513,-0.5679824152267838,2.9036997228324357,-0.9763542696065566,0.4404460417782876,0.558852413740676,BOTNET,91,1.077362888777392,1.4149335314840352,1.3450555374993112,-0.4993361369359955,0.8884954902615956,1
2026-09-30 09:32:00,2026-09-30 09:33:00,0.695614175482054,-0.3225039471640611,-0.40943306898869003,-0.8258039357300097,-0.6065707244943658,0.5839575588516354,0.487173515802345,-0.5981900029230104,2.199610497245658,-0.37356163358859557,0.8560163934893631,0.24887565958506516,BOTNET,92,0.7853438491469561,0.7865647842499828,0.7460305013366774,-0.5624911343920856,0.7790789754530549,1
2026-09-30 09:33:00,2026-09-30 09:34:00,0.9413286354782026,-0.3407316404861468,-0.41344738633766365,-0.8170555637138479,-0.6052449025551209,0.8708848023012278,1.2823302887211152,-0.6050510002098416,1.916928685831584,-1.1772851482792102,0.6482312176338254,0.722861278373274,BOTNET,93,1.1747025686542059,0.20008728683153387,0.13055900617307026,-0.6403190019089585,1.2167450346872117,1
2026-09-30 09:34:00,2026-09-30 09:35:00,-1.024387044490986,-0.4004779685974275,-0.4589019738746254,-0.8354212767916231,-0.607031187917933,-1.4245331452955117,-1.3681922876747856,-0.6287344608569613,3.107123053492781,-1.1772851482792102,-0.8062650133549389,-1.5076592806300617,BOTNET,94,0.29864544976289437,-0.3834447320842553,-0.46360386756940986,-0.668194331984955,0.23199640141035938,1
2026-09-30 09:35:00,2026-09-30 09:36:00,-0.5329581244986887,-0.4106044648874751,-0.44551059001618176,-0.8265452898536128,-0.6059503735650356,-0.5637514149467344,-0.3079832571164252,-0.5681017772677454,1.4217475937622703,-0.7754233909339029,-0.18290948578832567,0.834387306323441,BOTNET,95,0.006626410132456634,-0.39839030819034293,-0.46392913521432727,-0.6679202607053978,-0.09625314301525682,1
2026-09-30 09:36:00,2026-09-30 09:37:00,-0.041529204506391686,-0.3954147204524037,-0.45237798904841336,-0.8071436568198146,-0.6053925619086001,0.010103071952450488,0.22212125816275494,-0.628019614739747,1.0197137937658542,-0.9763542696065566,-0.18290948578832567,0.558852413740676,BOTNET,96,0.006626410132456634,-0.402753980046135,-0.47159020800497864,-0.6675784479095966,-0.2056696578237965,1
2026-09-30 09:37:00,2026-09-30 09:38:00,-0.7786725844948373,-0.38933882267837516,-0.4406895148095101,-0.837523607075928,-0.6072122356439767,-0.8506786583963268,-0.8380877723956054,-0.5956264389394509,3.953685828796536,-0.9763542696065566,-0.18290948578832567,0.16523113862244004,BOTNET,97,-0.5774116691284171,-0.41715409717024865,-0.4783530365280498,-0.6677201170188237,-0.7527522318664921,1
2026-09-30 09:38:00,2026-09-30 09:39:00,-0.7786725844948373,-0.37971865120282994,-0.4306645637670341,-0.8327368653373369,-0.6070783365110209,-0.5637514149467344,-0.5730355147560153,-0.6025464928980659,3.333322900884484,-0.9763542696065566,0.024875690067212096,0.16523113862244004,BOTNET,98,-1.2587894282661038,-0.4255541654926483,-0.48207824633832713,-0.6681250062487563,-1.2998348059091878,1
2026-09-30 09:39:00,2026-09-30 09:40:00,-0.041529204506391686,-0.36554155639676333,-0.4316509945211805,-0.8354435061123617,-0.6071195566189773,0.29703031540204294,-0.3079832571164252,-0.62567284928497,3.1785527575626853,-0.7754233909339029,0.8560163934893631,1.2476896451975883,BOTNET,99,-0.869430708758854,-0.4180268315414071,-0.4761820641073219,-0.668144521287845,-0.6433357170579524,1
