forecast_timestamp,predicted_class,forecast_state,actual_attack_onset,actual_attack_class,classification,lead_time_seconds
2017-07-07 03:29:00,OTHER_ATTACK,ELEVATED,2017-07-07 03:56:00,DDOS,EARLY,1620.0
2017-07-07 03:30:00,OTHER_ATTACK,ELEVATED,2017-07-07 03:56:00,DDOS,EARLY,1560.0
2017-07-07 04:02:00,DDOS,ELEVATED,2017-07-07 03:56:00,DDOS,POST-ONSET,0.0
2017-07-07 04:03:00,DDOS,ELEVATED,2017-07-07 03:56:00,DDOS,POST-ONSET,0.0
2017-07-07 04:07:00,DDOS,GUARDED,2017-07-07 03:56:00,DDOS,POST-ONSET,0.0
2017-07-07 04:10:00,DDOS,GUARDED,2017-07-07 03:56:00,DDOS,POST-ONSET,0.0
2017-07-07 04:12:00,DDOS,GUARDED,2017-07-07 03:56:00,DDOS,POST-ONSET,0.0
2017-07-07 10:06:00,OTHER_ATTACK,ELEVATED,2017-07-07 10:04:00,BOTNET,POST-ONSET,0.0
2017-07-07 10:36:00,OTHER_ATTACK,ELEVATED,2017-07-07 10:04:00,BOTNET,POST-ONSET,0.0
